time,source_user,destination_user,source_computer,destination_computer,authentication_type,logon_type,orientation,result,attack,new_destination,new_source,source_frequency,destination_frequency,uses_ntlm,auth_events_5min,unique_destinations_5min
150622,U6115@DOM1,U6115@DOM1,C728,C728,?,Network,LogOff,Success,0,1,1,2,1,0,1,1
150627,U6115@DOM1,U6115@DOM1,C1173,C1173,?,Network,LogOff,Success,0,1,1,2,4,0,2,2
150627,U6115@DOM1,U6115@DOM1,C728,C1173,NTLM,Network,LogOn,Success,0,0,0,2,4,1,3,2
151993,U6115@DOM1,U6115@DOM1,C17693,C1173,NTLM,Network,LogOn,Success,1,0,1,1,4,1,1,1
152201,U6115@DOM1,U6115@DOM1,C1173,C1173,?,Network,LogOff,Success,0,0,0,2,4,0,2,1
155276,U6115@DOM1,U6115@DOM1,C13719,C625,?,?,TGS,Success,0,1,1,13,10,0,1,1
155276,U6115@DOM1,U6115@DOM1,C13719,C625,Kerberos,Network,LogOn,Success,0,0,0,13,10,0,2,1
155277,U6115@DOM1,U6115@DOM1,C13719,C612,Kerberos,Network,LogOn,Success,0,1,0,13,5,0,3,2
155277,U6115@DOM1,U6115@DOM1,C13719,C625,?,?,TGS,Success,0,0,0,13,10,0,4,2
155277,U6115@DOM1,U6115@DOM1,C612,C612,?,Network,LogOff,Success,0,0,1,3,5,0,5,2
155278,U6115@DOM1,U6115@DOM1,C13719,C457,Kerberos,Network,LogOn,Success,0,1,0,13,4,0,6,3
155278,U6115@DOM1,U6115@DOM1,C13719,C528,Kerberos,Network,LogOn,Success,0,1,0,13,6,0,7,4
155278,U6115@DOM1,U6115@DOM1,C13719,C625,Kerberos,Network,LogOn,Success,0,0,0,13,10,0,8,4
155278,U6115@DOM1,U6115@DOM1,C528,C528,?,Network,LogOff,Success,0,0,1,4,6,0,9,4
155278,U6115@DOM1,U6115@DOM1,C625,C625,?,Network,LogOff,Success,0,0,1,4,10,0,10,4
155292,U6115@DOM1,U6115@DOM1,C457,C457,?,Network,LogOff,Success,0,0,1,2,4,0,11,4
155293,U6115@DOM1,U6115@DOM1,C13719,C2106,Kerberos,Network,LogOn,Success,0,1,0,13,2,0,12,5
155298,U6115@DOM1,U6115@DOM1,C2106,C2106,?,Network,LogOff,Success,0,0,1,1,2,0,13,5
155303,U6115@DOM1,U6115@DOM1,C13719,C625,Kerberos,Network,LogOn,Success,0,0,0,13,10,0,14,5
155303,U6115@DOM1,U6115@DOM1,C625,C625,?,Network,LogOff,Success,0,0,0,4,10,0,15,5
155307,U6115@DOM1,U6115@DOM1,C13719,C457,Kerberos,Network,LogOn,Success,0,0,0,13,4,0,16,5
155308,U6115@DOM1,U6115@DOM1,C625,C625,?,Network,LogOff,Success,0,0,0,4,10,0,17,5
155311,U6115@DOM1,U6115@DOM1,C625,C625,?,Network,LogOff,Success,0,0,0,4,10,0,18,5
155315,U6115@DOM1,U6115@DOM1,C528,C528,?,Network,LogOff,Success,0,0,0,4,6,0,19,5
155316,U6115@DOM1,U6115@DOM1,C457,C457,?,Network,LogOff,Success,0,0,0,2,4,0,20,5
155329,U6115@DOM1,U6115@DOM1,C13719,C625,?,?,TGS,Success,0,0,0,13,10,0,21,5
155333,U6115@DOM1,U6115@DOM1,C13719,C612,Kerberos,Network,LogOn,Success,0,0,0,13,5,0,22,5
155333,U6115@DOM1,U6115@DOM1,C612,C612,?,Network,LogOff,Success,0,0,0,3,5,0,23,5
155334,U6115@DOM1,U6115@DOM1,C612,C612,?,Network,LogOff,Success,0,0,0,3,5,0,24,5
156008,U6115@DOM1,U6115@DOM1,C13719,C528,Kerberos,Network,LogOn,Success,0,0,0,13,6,0,1,1
156008,U6115@DOM1,U6115@DOM1,C528,C528,?,Network,LogOff,Success,0,0,0,4,6,0,2,1
156053,U6115@DOM1,U6115@DOM1,C528,C528,?,Network,LogOff,Success,0,0,0,4,6,0,3,1
150467,U620@DOM1,U620@DOM1,C1759,C1759,?,?,TGS,Success,0,1,1,20,22,0,1,1
150467,U620@DOM1,U620@DOM1,C1759,C1759,?,?,TGT,Success,0,0,0,20,22,0,2,1
150786,U620@DOM1,U620@DOM1,C17693,C1759,NTLM,Network,LogOn,Success,0,0,1,3,22,1,1,1
150847,U620@DOM1,U620@DOM1,C17693,C1759,NTLM,Network,LogOn,Success,0,0,0,3,22,1,2,1
150885,U620@DOM1,U620@DOM1,C17693,C1003,NTLM,Network,LogOn,Success,1,1,0,3,2,1,3,2
150995,U620@DOM1,U620@DOM1,C1759,C1759,?,Network,LogOff,Success,0,0,0,20,22,0,4,2
151057,U620@DOM1,U620@DOM1,C1759,C1759,?,Network,LogOff,Success,0,0,0,20,22,0,5,2
151087,U620@DOM1,U620@DOM1,C1759,C1759,?,NetworkCleartext,LogOff,Success,0,0,0,20,22,0,5,2
151093,U620@DOM1,U620@DOM1,C1003,C1003,?,Network,LogOff,Success,0,0,1,1,2,0,6,2
151309,U620@DOM1,U620@DOM1,C1759,C1759,?,?,TGS,Success,0,0,0,20,22,0,4,2
151309,U620@DOM1,U620@DOM1,C1759,C1759,?,?,TGT,Success,0,0,0,20,22,0,5,2
151315,U620@DOM1,NETWORK SERVICE@C1759,C1759,C1759,?,?,AuthMap,Success,0,0,0,20,22,0,6,2
151992,U620@DOM1,U620@DOM1,C1759,C1759,?,?,TGS,Success,0,0,0,20,22,0,1,1
151992,U620@DOM1,U620@DOM1,C1759,C1759,?,?,TGT,Success,0,0,0,20,22,0,2,1
152580,U620@DOM1,U620@DOM1,C1759,C1759,?,NetworkCleartext,LogOff,Success,0,0,0,20,22,0,1,1
152999,U620@DOM1,U620@DOM1,C1759,C1759,?,?,TGS,Success,0,0,0,20,22,0,1,1
152999,U620@DOM1,U620@DOM1,C1759,C1759,?,?,TGT,Success,0,0,0,20,22,0,2,1
153006,U620@DOM1,NETWORK SERVICE@C1759,C1759,C1759,?,?,AuthMap,Success,0,0,0,20,22,0,3,1
153569,U620@DOM1,U620@DOM1,C1759,C1759,?,?,TGS,Success,0,0,0,20,22,0,1,1
153569,U620@DOM1,U620@DOM1,C1759,C1759,?,?,TGT,Success,0,0,0,20,22,0,2,1
156427,U620@DOM1,U620@DOM1,C1759,C1759,?,NetworkCleartext,LogOff,Success,0,0,0,20,22,0,1,1
156532,U620@DOM1,U620@DOM1,C1759,C1759,?,?,TGS,Success,0,0,0,20,22,0,2,1
156532,U620@DOM1,U620@DOM1,C1759,C1759,?,?,TGT,Success,0,0,0,20,22,0,3,1
156544,U620@DOM1,NETWORK SERVICE@C1759,C1759,C1759,?,?,AuthMap,Success,0,0,0,20,22,0,4,1
152498,U636@DOM1,U636@DOM1,C1495,C528,Kerberos,Network,LogOn,Success,0,1,1,9,13,0,1,1
152499,U636@DOM1,U636@DOM1,C1495,C467,Kerberos,Network,LogOn,Success,0,1,0,9,3,0,2,2
152500,U636@DOM1,U636@DOM1,C1065,C1065,?,Network,LogOff,Success,0,1,1,1,2,0,3,3
152500,U636@DOM1,U636@DOM1,C1495,C1065,Kerberos,Network,LogOn,Success,0,0,0,9,2,0,4,3
152500,U636@DOM1,U636@DOM1,C1495,C528,Kerberos,Network,LogOn,Success,0,0,0,9,13,0,5,3
152500,U636@DOM1,U636@DOM1,C1495,C612,Kerberos,Network,LogOn,Success,0,1,0,9,8,0,6,4
152500,U636@DOM1,U636@DOM1,C1495,C625,Kerberos,Network,LogOn,Success,0,1,0,9,8,0,7,5
152500,U636@DOM1,U636@DOM1,C528,C528,?,Network,LogOff,Success,0,0,1,8,13,0,8,5
152500,U636@DOM1,U636@DOM1,C612,C612,?,Network,LogOff,Success,0,0,1,4,8,0,9,5
152514,U636@DOM1,U636@DOM1,C528,C528,?,Network,LogOff,Success,0,0,0,8,13,0,10,5
152516,U636@DOM1,U636@DOM1,C625,C625,?,Network,LogOff,Success,0,0,1,4,8,0,11,5
152526,U636@DOM1,U636@DOM1,C1495,C612,Kerberos,Network,LogOn,Success,0,0,0,9,8,0,12,5
152526,U636@DOM1,U636@DOM1,C612,C612,?,Network,LogOff,Success,0,0,0,4,8,0,13,5
152533,U636@DOM1,U636@DOM1,C528,C528,?,Network,LogOff,Success,0,0,0,8,13,0,14,5
152538,U636@DOM1,U636@DOM1,C467,C467,?,Network,LogOff,Success,0,0,1,2,3,0,15,5
152544,U636@DOM1,U636@DOM1,C1495,C625,Kerberos,Network,LogOn,Success,0,0,0,9,8,0,16,5
152547,U636@DOM1,U636@DOM1,C625,C625,?,Network,LogOff,Success,0,0,0,4,8,0,17,5
152573,U636@DOM1,U636@DOM1,C467,C467,?,Network,LogOff,Success,0,0,0,2,3,0,18,5
152765,U636@DOM1,U636@DOM1,C480,C528,Kerberos,Network,LogOn,Success,0,0,1,10,13,0,19,5
152765,U636@DOM1,U636@DOM1,C480,C586,Kerberos,Network,LogOn,Success,0,1,0,10,4,0,20,6
152765,U636@DOM1,U636@DOM1,C480,C612,Kerberos,Network,LogOn,Success,0,0,0,10,8,0,21,6
152765,U636@DOM1,U636@DOM1,C528,C528,?,Network,LogOff,Success,0,0,0,8,13,0,22,6
152765,U636@DOM1,U636@DOM1,C586,C586,?,Network,LogOff,Success,0,0,1,2,4,0,23,6
152766,U636@DOM1,U636@DOM1,C457,C457,?,Network,LogOff,Success,0,1,1,6,8,0,24,7
152766,U636@DOM1,U636@DOM1,C480,C457,Kerberos,Network,LogOn,Success,0,0,0,10,8,0,25,7
152766,U636@DOM1,U636@DOM1,C480,C625,Kerberos,Network,LogOn,Success,0,0,0,10,8,0,26,7
152772,U636@DOM1,U636@DOM1,C457,C457,?,Network,LogOff,Success,0,0,0,6,8,0,27,7
152772,U636@DOM1,U636@DOM1,C480,C457,Kerberos,Network,LogOn,Success,0,0,0,10,8,0,28,7
152780,U636@DOM1,U636@DOM1,C480,C612,Kerberos,Network,LogOn,Success,0,0,0,10,8,0,29,7
152780,U636@DOM1,U636@DOM1,C625,C625,?,Network,LogOff,Success,0,0,0,4,8,0,30,7
152781,U636@DOM1,U636@DOM1,C457,C457,?,Network,LogOff,Success,0,0,0,6,8,0,31,7
152788,U636@DOM1,U636@DOM1,C457,C457,?,Network,LogOff,Success,0,0,0,6,8,0,32,7
152788,U636@DOM1,U636@DOM1,C480,C625,Kerberos,Network,LogOn,Success,0,0,0,10,8,0,33,7
152792,U636@DOM1,U636@DOM1,C625,C625,?,Network,LogOff,Success,0,0,0,4,8,0,34,7
152796,U636@DOM1,U636@DOM1,C457,C457,?,Network,LogOff,Success,0,0,0,6,8,0,35,7
152799,U636@DOM1,U636@DOM1,C480,C586,Kerberos,Network,LogOn,Success,0,0,0,10,4,0,35,7
152799,U636@DOM1,U636@DOM1,C586,C586,?,Network,LogOff,Success,0,0,0,2,4,0,36,7
152804,U636@DOM1,U636@DOM1,C612,C612,?,Network,LogOff,Success,0,0,0,4,8,0,29,6
152829,U636@DOM1,U636@DOM1,C457,C457,?,Network,LogOff,Success,0,0,0,6,8,0,26,6
152863,U636@DOM1,U636@DOM1,C612,C612,?,Network,LogOff,Success,0,0,0,4,8,0,23,6
153211,U636@DOM1,U636@DOM1,C1495,C528,Kerberos,Network,LogOn,Success,0,0,0,9,13,0,1,1
153212,U636@DOM1,U636@DOM1,C528,C528,?,Network,LogOff,Success,0,0,0,8,13,0,2,1
153225,U636@DOM1,U636@DOM1,C528,C528,?,Network,LogOff,Success,0,0,0,8,13,0,3,1
153237,U636@DOM1,U636@DOM1,C528,C528,?,Network,LogOff,Success,0,0,0,8,13,0,4,1
153377,U636@DOM1,U636@DOM1,C480,C528,Kerberos,Network,LogOn,Success,0,0,0,10,13,0,5,1
153377,U636@DOM1,U636@DOM1,C528,C528,?,Network,LogOff,Success,0,0,0,8,13,0,6,1
153792,U636@DOM1,U636@DOM1,C17693,C294,NTLM,Network,LogOn,Success,1,1,1,1,2,1,1,1
153794,U636@DOM1,U636@DOM1,C294,C294,?,Network,LogOff,Success,0,0,1,1,2,0,2,1
150382,U748@DOM1,U748@DOM1,C2677,C1759,?,?,TGS,Success,0,1,1,70,4,0,1,1
150387,U748@DOM1,U748@DOM1,C2677,C1759,Kerberos,Network,LogOn,Success,0,0,0,70,4,0,2,1
150415,U748@DOM1,U748@DOM1,C2677,C1759,?,?,TGS,Success,0,0,0,70,4,0,3,1
150761,U748@DOM1,U748@DOM1,C1003,C1003,?,Network,LogOff,Success,0,1,1,4,7,0,1,1
150982,U748@DOM1,U748@DOM1,C2677,C2589,?,?,TGS,Success,0,1,0,70,6,0,2,2
150988,U748@DOM1,U748@DOM1,C2677,C2589,Kerberos,Network,LogOn,Success,0,0,0,70,6,0,3,2
150993,U748@DOM1,U748@DOM1,C2589,C2589,?,Network,LogOff,Success,0,0,1,2,6,0,4,2
151015,U748@DOM1,U748@DOM1,C2677,C2589,?,?,TGS,Success,0,0,0,70,6,0,5,2
151035,U748@DOM1,U748@DOM1,C2677,C728,?,?,TGS,Success,0,1,0,70,10,0,6,3
151036,U748@DOM1,U748@DOM1,C17693,C305,NTLM,Network,LogOn,Success,1,1,1,8,7,1,7,4
151036,U748@DOM1,U748@DOM1,C2677,C728,Kerberos,Network,LogOn,Success,0,0,0,70,10,0,8,4
151038,U748@DOM1,U748@DOM1,C305,C305,?,Network,LogOff,Success,0,0,1,3,7,0,9,4
151046,U748@DOM1,U748@DOM1,C728,C728,?,Network,LogOff,Success,0,0,1,4,10,0,10,4
151067,U748@DOM1,U748@DOM1,C2677,C728,?,?,TGS,Success,0,0,0,70,10,0,10,3
151122,U748@DOM1,U748@DOM1,C2677,C305,?,?,TGS,Success,0,0,0,70,7,0,11,3
151122,U748@DOM1,U748@DOM1,C2677,C305,Kerberos,Network,LogOn,Success,0,0,0,70,7,0,12,3
151134,U748@DOM1,U748@DOM1,C305,C305,?,Network,LogOff,Success,0,0,0,3,7,0,13,3
151288,U748@DOM1,U748@DOM1,C151,C1003,NTLM,Network,LogOn,Success,0,0,1,35,7,1,13,4
151360,U748@DOM1,U748@DOM1,C151,C612,Kerberos,Network,LogOn,Success,0,1,0,35,12,0,6,4
151360,U748@DOM1,U748@DOM1,C612,C612,?,Network,LogOff,Success,0,0,1,5,12,0,7,4
151365,U748@DOM1,U748@DOM1,C2677,C305,Kerberos,Network,LogOn,Success,0,0,0,70,7,0,8,4
151375,U748@DOM1,U748@DOM1,C305,C305,?,Network,LogOff,Success,0,0,0,3,7,0,8,3
151412,U748@DOM1,U748@DOM1,C151,C612,Kerberos,Network,LogOn,Success,0,0,0,35,12,0,9,3
151412,U748@DOM1,U748@DOM1,C612,C612,?,Network,LogOff,Success,0,0,0,5,12,0,10,3
151445,U748@DOM1,U748@DOM1,C151,C2327,?,?,TGS,Success,0,1,0,35,4,0,8,4
151464,U748@DOM1,U748@DOM1,C151,C2327,?,?,TGS,Success,0,0,0,35,4,0,9,4
151464,U748@DOM1,U748@DOM1,C1759,C1759,?,Network,LogOff,Success,0,0,1,1,4,0,10,5
151575,U748@DOM1,U748@DOM1,C3644,C3644,?,Network,LogOff,Success,0,1,1,3,5,0,11,6
151631,U748@DOM1,U748@DOM1,C2677,C3644,Kerberos,Network,LogOn,Success,0,0,0,70,5,0,11,5
151648,U748@DOM1,U748@DOM1,C17693,C728,NTLM,Network,LogOn,Success,1,0,0,8,10,1,12,6
151652,U748@DOM1,U748@DOM1,C728,C728,?,Network,LogOff,Success,0,0,0,4,10,0,13,6
151656,U748@DOM1,U748@DOM1,C3644,C3644,?,Network,LogOff,Success,0,0,0,3,5,0,14,6
151680,U748@DOM1,U748@DOM1,C2677,C728,Kerberos,Network,LogOn,Success,0,0,0,70,10,0,11,5
151692,U748@DOM1,U748@DOM1,C728,C728,?,Network,LogOff,Success,0,0,0,4,10,0,12,5
151972,U748@DOM1,U748@DOM1,C2677,C926,?,?,TGS,Success,0,1,0,70,6,0,3,2
151973,U748@DOM1,U748@DOM1,C2677,C926,Kerberos,Network,LogOn,Success,0,0,0,70,6,0,4,2
151985,U748@DOM1,U748@DOM1,C926,C926,?,Network,LogOff,Success,0,0,1,2,6,0,4,2
152002,U748@DOM1,U748@DOM1,C2677,C926,?,?,TGS,Success,0,0,0,70,6,0,4,1
152022,U748@DOM1,U748@DOM1,C151,C529,Kerberos,Network,LogOn,Success,0,1,0,35,20,0,5,2
152023,U748@DOM1,U748@DOM1,C151,C528,Kerberos,Network,LogOn,Success,0,1,0,35,4,0,6,3
152023,U748@DOM1,U748@DOM1,C151,C529,Kerberos,Network,LogOn,Success,0,0,0,35,20,0,7,3
152023,U748@DOM1,U748@DOM1,C151,C612,Kerberos,Network,LogOn,Success,0,0,0,35,12,0,8,4
152023,U748@DOM1,U748@DOM1,C612,C612,?,Network,LogOff,Success,0,0,0,5,12,0,9,4
152024,U748@DOM1,U748@DOM1,C151,C457,Kerberos,Network,LogOn,Success,0,1,0,35,15,0,10,5
152024,U748@DOM1,U748@DOM1,C457,C457,?,Network,LogOff,Success,0,0,1,8,15,0,11,5
152024,U748@DOM1,U748@DOM1,C529,C529,?,Network,LogOff,Success,0,0,1,10,20,0,12,5
152053,U748@DOM1,U748@DOM1,C151,C457,Kerberos,Network,LogOn,Success,0,0,0,35,15,0,13,5
152053,U748@DOM1,U748@DOM1,C457,C457,?,Network,LogOff,Success,0,0,0,8,15,0,14,5
152057,U748@DOM1,U748@DOM1,C529,C529,?,Network,LogOff,Success,0,0,0,10,20,0,15,5
152062,U748@DOM1,U748@DOM1,C528,C528,?,Network,LogOff,Success,0,0,1,2,4,0,16,5
152142,U748@DOM1,U748@DOM1,C2677,C4280,?,?,TGS,Success,0,1,0,70,14,0,17,6
152142,U748@DOM1,U748@DOM1,C2677,C4280,Kerberos,Network,LogOn,Success,0,0,0,70,14,0,18,6
152155,U748@DOM1,U748@DOM1,C529,C529,?,Network,LogOff,Success,0,0,0,10,20,0,19,6
152160,U748@DOM1,U748@DOM1,C4280,C4280,?,Network,LogOff,Success,0,0,1,6,14,0,20,6
152168,U748@DOM1,U748@DOM1,C2677,C4280,Kerberos,Network,LogOn,Success,0,0,0,70,14,0,21,6
152172,U748@DOM1,U748@DOM1,C2677,C4280,?,?,TGS,Success,0,0,0,70,14,0,22,6
152180,U748@DOM1,U748@DOM1,C4280,C4280,?,Network,LogOff,Success,0,0,0,6,14,0,23,6
152188,U748@DOM1,U748@DOM1,C2677,C4280,Kerberos,Network,LogOn,Success,0,0,0,70,14,0,24,6
152200,U748@DOM1,U748@DOM1,C4280,C4280,?,Network,LogOff,Success,0,0,0,6,14,0,25,6
152265,U748@DOM1,U748@DOM1,C2677,C3468,?,?,TGS,Success,0,1,0,70,4,0,26,7
152265,U748@DOM1,U748@DOM1,C2677,C3468,Kerberos,Network,LogOn,Success,0,0,0,70,4,0,27,7
152277,U748@DOM1,U748@DOM1,C3468,C3468,?,Network,LogOff,Success,0,0,1,1,4,0,26,7
152298,U748@DOM1,U748@DOM1,C2677,C3468,?,?,TGS,Success,0,0,0,70,4,0,26,7
152389,U748@DOM1,U748@DOM1,C2677,C1173,?,?,TGS,Success,0,1,0,70,5,0,14,4
152389,U748@DOM1,U748@DOM1,C2677,C1173,Kerberos,Network,LogOn,Success,0,0,0,70,5,0,15,4
152401,U748@DOM1,U748@DOM1,C1173,C1173,?,Network,LogOff,Success,0,0,1,2,5,0,16,4
152449,U748@DOM1,U748@DOM1,C2677,C1173,Kerberos,Network,LogOn,Success,0,0,0,70,5,0,15,4
152456,U748@DOM1,U748@DOM1,C2677,C457,?,?,TGS,Success,0,0,0,70,15,0,15,4
152456,U748@DOM1,U748@DOM1,C2677,C457,Kerberos,Network,LogOn,Success,0,0,0,70,15,0,16,4
152456,U748@DOM1,U748@DOM1,C457,C457,?,Network,LogOff,Success,0,0,0,8,15,0,17,4
152461,U748@DOM1,U748@DOM1,C457,C457,?,Network,LogOff,Success,0,0,0,8,15,0,17,4
152472,U748@DOM1,U748@DOM1,C457,C457,?,Network,LogOff,Success,0,0,0,8,15,0,17,4
152478,U748@DOM1,U748@DOM1,C2677,C457,Kerberos,Network,LogOn,Success,0,0,0,70,15,0,17,4
152478,U748@DOM1,U748@DOM1,C457,C457,?,Network,LogOff,Success,0,0,0,8,15,0,18,4
152479,U748@DOM1,U748@DOM1,C2677,C457,Kerberos,Network,LogOn,Success,0,0,0,70,15,0,19,4
152482,U748@DOM1,U748@DOM1,C457,C457,?,Network,LogOff,Success,0,0,0,8,15,0,19,4
152489,U748@DOM1,U748@DOM1,C2677,C457,?,?,TGS,Success,0,0,0,70,15,0,19,4
152493,U748@DOM1,U748@DOM1,C457,C457,?,Network,LogOff,Success,0,0,0,8,15,0,20,4
152593,U748@DOM1,U748@DOM1,C1173,C1173,?,Network,LogOff,Success,0,0,0,2,5,0,17,3
152755,U748@DOM1,U748@DOM1,C2677,C926,Kerberos,Network,LogOn,Success,0,0,0,70,6,0,13,3
152767,U748@DOM1,U748@DOM1,C926,C926,?,Network,LogOff,Success,0,0,0,2,6,0,10,3
152804,U748@DOM1,U748@DOM1,C2677,C3644,Kerberos,Network,LogOn,Success,0,0,0,70,5,0,4,3
152809,U748@DOM1,U748@DOM1,C3644,C3644,?,Network,LogOff,Success,0,0,0,3,5,0,5,3
152899,U748@DOM1,U748@DOM1,C151,C528,Kerberos,Network,LogOn,Success,0,0,0,35,4,0,5,3
152910,U748@DOM1,U748@DOM1,C2916,C2916,Negotiate,RemoteInteractive,LogOn,Success,0,1,1,11,6,0,6,4
152911,U748@DOM1,U748@DOM1,C2916,C1065,?,?,TGS,Success,0,1,0,11,4,0,7,5
152911,U748@DOM1,U748@DOM1,C2916,C1065,Kerberos,Network,LogOn,Success,0,0,0,11,4,0,8,5
152911,U748@DOM1,U748@DOM1,C2916,C2916,?,?,TGS,Success,0,0,0,11,6,0,9,5
152911,U748@DOM1,U748@DOM1,C2916,C2916,?,?,TGT,Success,0,0,0,11,6,0,10,5
152911,U748@DOM1,U748@DOM1,C2916,TGT,?,?,TGS,Success,0,1,0,11,4,0,11,6
152916,U748@DOM1,U748@DOM1,C2916,C2916,?,RemoteInteractive,LogOff,Success,0,0,0,11,6,0,12,6
152922,U748@DOM1,U748@DOM1,C1065,C1065,?,Network,LogOff,Success,0,0,1,1,4,0,13,6
152935,U748@DOM1,U748@DOM1,C2916,C1065,?,?,TGS,Success,0,0,0,11,4,0,14,6
152935,U748@DOM1,U748@DOM1,C2916,C2916,?,?,TGS,Success,0,0,0,11,6,0,15,6
152935,U748@DOM1,U748@DOM1,C2916,C2916,?,?,TGT,Success,0,0,0,11,6,0,16,6
152935,U748@DOM1,U748@DOM1,C2916,TGT,?,?,TGS,Success,0,0,0,11,4,0,17,6
152937,U748@DOM1,U748@DOM1,C528,C528,?,Network,LogOff,Success,0,0,0,2,4,0,18,6
153042,U748@DOM1,U748@DOM1,C151,C151,?,?,TGS,Success,0,1,0,35,7,0,19,7
153042,U748@DOM1,U748@DOM1,C151,C151,?,?,TGT,Success,0,0,0,35,7,0,20,7
153043,U748@DOM1,C151$@DOM1,C151,C151,?,?,AuthMap,Success,0,0,0,35,7,0,21,7
153044,U748@DOM1,U748@DOM1,C151,C529,?,?,TGS,Success,0,0,0,35,20,0,22,8
153044,U748@DOM1,U748@DOM1,C151,C529,Kerberos,Network,LogOn,Success,0,0,0,35,20,0,23,8
153044,U748@DOM1,U748@DOM1,C151,TGT,?,?,TGS,Success,0,0,0,35,4,0,24,8
153044,U748@DOM1,U748@DOM1,C529,C529,?,Network,LogOff,Success,0,0,0,10,20,0,25,8
153044,U748@DOM1,U748@DOM1,C529,C529,Kerberos,Network,LogOn,Success,0,0,0,10,20,0,26,8
153045,U748@DOM1,U748@DOM1,C151,C151,?,RemoteInteractive,LogOff,Success,0,0,0,35,7,0,27,8
153046,U748@DOM1,U748@DOM1,C151,C529,?,?,TGS,Success,0,0,0,35,20,0,28,8
153046,U748@DOM1,U748@DOM1,C151,C529,Kerberos,Network,LogOn,Success,0,0,0,35,20,0,29,8
153051,U748@DOM1,U748@DOM1,C151,C151,?,?,TGS,Success,0,0,0,35,7,0,30,8
153051,U748@DOM1,U748@DOM1,C151,C151,?,?,TGT,Success,0,0,0,35,7,0,31,8
153051,U748@DOM1,U748@DOM1,C151,C529,?,?,TGS,Success,0,0,0,35,20,0,32,8
153051,U748@DOM1,U748@DOM1,C151,TGT,?,?,TGS,Success,0,0,0,35,4,0,33,8
153052,U748@DOM1,U748@DOM1,C151,C529,?,?,TGS,Success,0,0,0,35,20,0,34,8
153058,U748@DOM1,U748@DOM1,C529,C529,?,Network,LogOff,Success,0,0,0,10,20,0,34,8
153059,U748@DOM1,U748@DOM1,C151,C151,?,RemoteInteractive,LogOff,Success,0,0,0,35,7,0,35,8
153076,U748@DOM1,U748@DOM1,C529,C529,?,Network,LogOff,Success,0,0,0,10,20,0,35,7
153093,U748@DOM1,U748@DOM1,C151,C529,Kerberos,Network,LogOn,Success,0,0,0,35,20,0,36,7
153093,U748@DOM1,U748@DOM1,C529,C529,?,Network,LogOff,Success,0,0,0,10,20,0,37,7
153093,U748@DOM1,U748@DOM1,C529,C529,Kerberos,Network,LogOn,Success,0,0,0,10,20,0,38,7
153094,U748@DOM1,U748@DOM1,C151,C529,Kerberos,Network,LogOn,Success,0,0,0,35,20,0,39,7
153101,U748@DOM1,U748@DOM1,C529,C529,?,Network,LogOff,Success,0,0,0,10,20,0,40,7
153204,U748@DOM1,U748@DOM1,C2677,C2589,Kerberos,Network,LogOn,Success,0,0,0,70,6,0,38,7
153210,U748@DOM1,U748@DOM1,C2589,C2589,?,Network,LogOff,Success,0,0,0,2,6,0,39,7
153286,U748@DOM1,U748@DOM1,C2677,C728,Kerberos,Network,LogOn,Success,0,0,0,70,10,0,27,5
153298,U748@DOM1,U748@DOM1,C728,C728,?,Network,LogOff,Success,0,0,0,4,10,0,28,5
153525,U748@DOM1,U748@DOM1,C1003,C1003,?,Network,LogOff,Success,0,0,0,4,7,0,3,2
153870,U748@DOM1,U748@DOM1,C2677,C294,NTLM,Network,LogOn,Success,0,1,0,70,4,1,1,1
153880,U748@DOM1,U748@DOM1,C294,C294,?,Network,LogOff,Success,0,0,1,2,4,0,2,1
153884,U748@DOM1,U748@DOM1,C2677,C294,NTLM,Network,LogOn,Success,0,0,0,70,4,1,3,1
153896,U748@DOM1,U748@DOM1,C294,C294,?,Network,LogOff,Success,0,0,0,2,4,0,4,1
154116,U748@DOM1,U748@DOM1,C2677,C3226,NTLM,Network,LogOn,Success,0,1,0,70,10,1,5,2
154127,U748@DOM1,U748@DOM1,C3226,C3226,?,Network,LogOff,Success,0,0,1,5,10,0,6,2
154137,U748@DOM1,U748@DOM1,C2677,C3226,NTLM,Network,LogOn,Success,0,0,0,70,10,1,7,2
154149,U748@DOM1,U748@DOM1,C3226,C3226,?,Network,LogOff,Success,0,0,0,5,10,0,8,2
154161,U748@DOM1,U748@DOM1,C2677,C3226,NTLM,Network,LogOn,Success,0,0,0,70,10,1,9,2
154175,U748@DOM1,U748@DOM1,C3226,C3226,?,Network,LogOff,Success,0,0,0,5,10,0,9,2
154205,U748@DOM1,U748@DOM1,C151,C2327,?,?,TGS,Success,0,0,0,35,4,0,7,2
154240,U748@DOM1,U748@DOM1,C151,C2327,?,?,TGS,Success,0,0,0,35,4,0,8,2
154291,U748@DOM1,U748@DOM1,C5394,C5394,NTLM,Network,LogOn,Success,0,1,1,14,14,1,9,3
154302,U748@DOM1,U748@DOM1,C5394,C5394,?,Network,LogOff,Success,0,0,0,14,14,0,10,3
154314,U748@DOM1,U748@DOM1,C5394,C5394,NTLM,Network,LogOn,Success,0,0,0,14,14,1,11,3
154328,U748@DOM1,U748@DOM1,C5394,C5394,?,Network,LogOff,Success,0,0,0,14,14,0,12,3
154351,U748@DOM1,U748@DOM1,C5394,C5394,NTLM,Network,LogOn,Success,0,0,0,14,14,1,13,3
154365,U748@DOM1,U748@DOM1,C5394,C5394,?,Network,LogOff,Success,0,0,0,14,14,0,14,3
154375,U748@DOM1,U748@DOM1,C5394,C5394,NTLM,Network,LogOn,Success,0,0,0,14,14,1,15,3
154389,U748@DOM1,U748@DOM1,C5394,C5394,?,Network,LogOff,Success,0,0,0,14,14,0,16,3
154517,U748@DOM1,U748@DOM1,C5394,C5394,NTLM,Network,LogOn,Success,0,0,0,14,14,1,10,2
154605,U748@DOM1,U748@DOM1,C5394,C5394,NTLM,Network,LogOn,Success,0,0,0,14,14,1,8,1
154710,U748@DOM1,U748@DOM1,C5394,C5394,NTLM,Network,LogOn,Success,0,0,0,14,14,1,3,1
154719,U748@DOM1,U748@DOM1,C5394,C5394,?,Network,LogOff,Success,0,0,0,14,14,0,4,1
154737,U748@DOM1,U748@DOM1,C5394,C5394,?,Network,LogOff,Success,0,0,0,14,14,0,5,1
155022,U748@DOM1,U748@DOM1,C151,C612,?,?,TGS,Success,0,0,0,35,12,0,2,2
155022,U748@DOM1,U748@DOM1,C151,C612,Kerberos,Network,LogOn,Success,0,0,0,35,12,0,3,2
155022,U748@DOM1,U748@DOM1,C612,C612,?,Network,LogOff,Success,0,0,0,5,12,0,4,2
155030,U748@DOM1,U748@DOM1,C151,C612,?,?,TGS,Success,0,0,0,35,12,0,5,2
155030,U748@DOM1,U748@DOM1,C151,C612,Kerberos,Network,LogOn,Success,0,0,0,35,12,0,6,2
155030,U748@DOM1,U748@DOM1,C612,C612,?,Network,LogOff,Success,0,0,0,5,12,0,7,2
155155,U748@DOM1,U748@DOM1,C2677,C152,NTLM,Network,LogOn,Success,0,1,0,70,8,1,7,2
155219,U748@DOM1,U748@DOM1,C17693,C5693,NTLM,Network,LogOn,Success,1,1,0,8,6,1,8,3
155223,U748@DOM1,U748@DOM1,C5693,C5693,?,Network,LogOff,Success,0,0,1,3,6,0,9,3
155225,U748@DOM1,U748@DOM1,C152,C152,?,Network,LogOff,Success,0,0,1,4,8,0,10,3
155231,U748@DOM1,U748@DOM1,C2677,C152,NTLM,Network,LogOn,Success,0,0,0,70,8,1,11,3
155241,U748@DOM1,U748@DOM1,C152,C152,?,Network,LogOff,Success,0,0,0,4,8,0,12,3
155253,U748@DOM1,U748@DOM1,C2677,C152,NTLM,Network,LogOn,Success,0,0,0,70,8,1,13,3
155263,U748@DOM1,U748@DOM1,C152,C152,?,Network,LogOff,Success,0,0,0,4,8,0,14,3
155343,U748@DOM1,U748@DOM1,C2677,C5693,NTLM,Network,LogOn,Success,0,0,0,70,6,1,9,2
155355,U748@DOM1,U748@DOM1,C5693,C5693,?,Network,LogOff,Success,0,0,0,3,6,0,10,2
155359,U748@DOM1,U748@DOM1,C2677,C5693,NTLM,Network,LogOn,Success,0,0,0,70,6,1,11,2
155371,U748@DOM1,U748@DOM1,C5693,C5693,?,Network,LogOff,Success,0,0,0,3,6,0,12,2
155399,U748@DOM1,U748@DOM1,C17693,C152,NTLM,Network,LogOn,Success,1,0,0,8,8,1,13,2
155401,U748@DOM1,U748@DOM1,C152,C152,?,Network,LogOff,Success,0,0,0,4,8,0,14,2
155446,U748@DOM1,U748@DOM1,C2677,C405,NTLM,Network,LogOn,Success,0,1,0,70,8,1,15,3
155456,U748@DOM1,U748@DOM1,C405,C405,?,Network,LogOff,Success,0,0,1,4,8,0,15,3
155460,U748@DOM1,U748@DOM1,C17693,C2341,NTLM,Network,LogOn,Success,1,1,0,8,6,1,16,4
155462,U748@DOM1,U748@DOM1,C2341,C2341,?,Network,LogOff,Success,0,0,1,3,6,0,17,4
155468,U748@DOM1,U748@DOM1,C2677,C405,NTLM,Network,LogOn,Success,0,0,0,70,8,1,18,4
155478,U748@DOM1,U748@DOM1,C405,C405,?,Network,LogOff,Success,0,0,0,4,8,0,19,4
155482,U748@DOM1,U748@DOM1,C2677,C405,NTLM,Network,LogOn,Success,0,0,0,70,8,1,20,4
155494,U748@DOM1,U748@DOM1,C405,C405,?,Network,LogOff,Success,0,0,0,4,8,0,21,4
155500,U748@DOM1,U748@DOM1,C2677,C405,NTLM,Network,LogOn,Success,0,0,0,70,8,1,22,4
155512,U748@DOM1,U748@DOM1,C405,C405,?,Network,LogOff,Success,0,0,0,4,8,0,23,4
155560,U748@DOM1,U748@DOM1,C2677,C2341,NTLM,Network,LogOn,Success,0,0,0,70,6,1,18,4
155570,U748@DOM1,U748@DOM1,C2341,C2341,?,Network,LogOff,Success,0,0,0,3,6,0,18,4
155572,U748@DOM1,U748@DOM1,C2677,C2341,NTLM,Network,LogOn,Success,0,0,0,70,6,1,19,4
155584,U748@DOM1,U748@DOM1,C2341,C2341,?,Network,LogOff,Success,0,0,0,3,6,0,20,4
155591,U748@DOM1,U748@DOM1,C17693,C332,NTLM,Network,LogOn,Success,1,1,0,8,6,1,21,5
155593,U748@DOM1,U748@DOM1,C332,C332,?,Network,LogOff,Success,0,0,1,3,6,0,22,5
155691,U748@DOM1,U748@DOM1,C2677,C332,NTLM,Network,LogOn,Success,0,0,0,70,6,1,19,4
155703,U748@DOM1,U748@DOM1,C2677,C332,NTLM,Network,LogOn,Success,0,0,0,70,6,1,18,3
155703,U748@DOM1,U748@DOM1,C332,C332,?,Network,LogOff,Success,0,0,0,3,6,0,19,3
155715,U748@DOM1,U748@DOM1,C332,C332,?,Network,LogOff,Success,0,0,0,3,6,0,20,3
155791,U748@DOM1,U748@DOM1,C2677,C3343,NTLM,Network,LogOn,Success,0,1,0,70,4,1,14,4
155801,U748@DOM1,U748@DOM1,C3343,C3343,?,Network,LogOff,Success,0,0,1,2,4,0,13,4
155805,U748@DOM1,U748@DOM1,C2677,C3343,NTLM,Network,LogOn,Success,0,0,0,70,4,1,14,4
155817,U748@DOM1,U748@DOM1,C3343,C3343,?,Network,LogOff,Success,0,0,0,2,4,0,14,3
155977,U748@DOM1,U748@DOM1,C5394,C5394,?,Network,LogOff,Success,0,0,0,14,14,0,9,3
156019,U748@DOM1,U748@DOM1,C2677,C3226,NTLM,Network,LogOn,Success,0,0,0,70,10,1,6,3
156032,U748@DOM1,U748@DOM1,C3226,C3226,?,Network,LogOff,Success,0,0,0,5,10,0,7,3
156037,U748@DOM1,U748@DOM1,C2677,C3226,NTLM,Network,LogOn,Success,0,0,0,70,10,1,8,3
156047,U748@DOM1,U748@DOM1,C3226,C3226,?,Network,LogOff,Success,0,0,0,5,10,0,9,3
156060,U748@DOM1,U748@DOM1,C17693,C3007,NTLM,Network,LogOn,Success,0,1,0,8,6,1,10,4
156065,U748@DOM1,U748@DOM1,C3007,C3007,?,Network,LogOff,Success,0,0,1,3,6,0,11,4
156134,U748@DOM1,U748@DOM1,C2677,C3007,NTLM,Network,LogOn,Success,0,0,0,70,6,1,8,3
156146,U748@DOM1,U748@DOM1,C3007,C3007,?,Network,LogOff,Success,0,0,0,3,6,0,9,3
156150,U748@DOM1,U748@DOM1,C2677,C3007,NTLM,Network,LogOn,Success,0,0,0,70,6,1,10,3
156160,U748@DOM1,U748@DOM1,C3007,C3007,?,Network,LogOff,Success,0,0,0,3,6,0,11,3
156219,U748@DOM1,U748@DOM1,C2677,C3031,NTLM,Network,LogOn,Success,0,1,0,70,6,1,12,4
156229,U748@DOM1,U748@DOM1,C3031,C3031,?,Network,LogOff,Success,0,0,1,3,6,0,13,4
156658,U748@DOM1,U748@DOM1,C17693,C4280,NTLM,Network,LogOn,Success,1,0,0,8,14,1,1,1
156658,U748@DOM1,U748@DOM1,C4280,C4280,?,Network,LogOff,Success,0,0,0,6,14,0,2,1
156694,U748@DOM1,U748@DOM1,C2677,C2677,?,?,TGT,Success,0,1,0,70,2,0,3,2
156694,U748@DOM1,U748@DOM1,C2677,C4280,NTLM,Network,LogOn,Success,0,0,0,70,14,1,4,2
156706,U748@DOM1,U748@DOM1,C4280,C4280,?,Network,LogOff,Success,0,0,0,6,14,0,5,2
156713,U748@DOM1,U748@DOM1,C2677,C3031,NTLM,Network,LogOn,Success,0,0,0,70,6,1,6,3
156718,U748@DOM1,U748@DOM1,C3031,C3031,?,Network,LogOff,Success,0,0,0,3,6,0,7,3
156726,U748@DOM1,U748@DOM1,C2677,C2677,?,?,TGT,Success,0,0,0,70,2,0,8,3
156732,U748@DOM1,U748@DOM1,C2677,C3031,NTLM,Network,LogOn,Success,0,0,0,70,6,1,9,3
156754,U748@DOM1,U748@DOM1,C3031,C3031,?,Network,LogOff,Success,0,0,0,3,6,0,10,3
156774,U748@DOM1,U748@DOM1,C2677,C4280,NTLM,Network,LogOn,Success,0,0,0,70,14,1,11,3
156786,U748@DOM1,U748@DOM1,C4280,C4280,?,Network,LogOff,Success,0,0,0,6,14,0,12,3
156792,U748@DOM1,U748@DOM1,C2677,C1003,NTLM,Network,LogOn,Success,0,0,0,70,7,1,13,4
156803,U748@DOM1,U748@DOM1,C1003,C1003,?,Network,LogOff,Success,0,0,0,4,7,0,14,4
156818,U748@DOM1,U748@DOM1,C2677,C1003,NTLM,Network,LogOn,Success,0,0,0,70,7,1,15,4
156830,U748@DOM1,U748@DOM1,C1003,C1003,?,Network,LogOff,Success,0,0,0,4,7,0,16,4
