time,source_user,destination_user,source_computer,destination_computer,authentication_type,logon_type,orientation,result,attack,source_is_C17693,unique_destinations_5min,new_destination
150382,U748@DOM1,U748@DOM1,C2677,C1759,?,?,TGS,Success,0,0,1,1
150387,U748@DOM1,U748@DOM1,C2677,C1759,Kerberos,Network,LogOn,Success,0,0,1,0
150415,U748@DOM1,U748@DOM1,C2677,C1759,?,?,TGS,Success,0,0,1,0
150761,U748@DOM1,U748@DOM1,C1003,C1003,?,Network,LogOff,Success,0,0,1,1
150982,U748@DOM1,U748@DOM1,C2677,C2589,?,?,TGS,Success,0,0,2,1
150988,U748@DOM1,U748@DOM1,C2677,C2589,Kerberos,Network,LogOn,Success,0,0,2,0
150993,U748@DOM1,U748@DOM1,C2589,C2589,?,Network,LogOff,Success,0,0,2,0
151015,U748@DOM1,U748@DOM1,C2677,C2589,?,?,TGS,Success,0,0,2,0
151035,U748@DOM1,U748@DOM1,C2677,C728,?,?,TGS,Success,0,0,3,1
151036,U748@DOM1,U748@DOM1,C17693,C305,NTLM,Network,LogOn,Success,1,1,4,1
151036,U748@DOM1,U748@DOM1,C2677,C728,Kerberos,Network,LogOn,Success,0,0,4,0
151038,U748@DOM1,U748@DOM1,C305,C305,?,Network,LogOff,Success,0,0,4,0
151046,U748@DOM1,U748@DOM1,C728,C728,?,Network,LogOff,Success,0,0,4,0
151067,U748@DOM1,U748@DOM1,C2677,C728,?,?,TGS,Success,0,0,3,0
151122,U748@DOM1,U748@DOM1,C2677,C305,?,?,TGS,Success,0,0,3,0
151122,U748@DOM1,U748@DOM1,C2677,C305,Kerberos,Network,LogOn,Success,0,0,3,0
151134,U748@DOM1,U748@DOM1,C305,C305,?,Network,LogOff,Success,0,0,3,0
151288,U748@DOM1,U748@DOM1,C151,C1003,NTLM,Network,LogOn,Success,0,0,4,0
151360,U748@DOM1,U748@DOM1,C151,C612,Kerberos,Network,LogOn,Success,0,0,4,1
151360,U748@DOM1,U748@DOM1,C612,C612,?,Network,LogOff,Success,0,0,4,0
151365,U748@DOM1,U748@DOM1,C2677,C305,Kerberos,Network,LogOn,Success,0,0,4,0
151375,U748@DOM1,U748@DOM1,C305,C305,?,Network,LogOff,Success,0,0,3,0
151412,U748@DOM1,U748@DOM1,C151,C612,Kerberos,Network,LogOn,Success,0,0,3,0
151412,U748@DOM1,U748@DOM1,C612,C612,?,Network,LogOff,Success,0,0,3,0
151445,U748@DOM1,U748@DOM1,C151,C2327,?,?,TGS,Success,0,0,4,1
151464,U748@DOM1,U748@DOM1,C1759,C1759,?,Network,LogOff,Success,0,0,5,0
151464,U748@DOM1,U748@DOM1,C151,C2327,?,?,TGS,Success,0,0,5,0
151575,U748@DOM1,U748@DOM1,C3644,C3644,?,Network,LogOff,Success,0,0,6,1
151631,U748@DOM1,U748@DOM1,C2677,C3644,Kerberos,Network,LogOn,Success,0,0,5,0
151648,U748@DOM1,U748@DOM1,C17693,C728,NTLM,Network,LogOn,Success,1,1,6,0
151652,U748@DOM1,U748@DOM1,C728,C728,?,Network,LogOff,Success,0,0,6,0
151656,U748@DOM1,U748@DOM1,C3644,C3644,?,Network,LogOff,Success,0,0,6,0
151680,U748@DOM1,U748@DOM1,C2677,C728,Kerberos,Network,LogOn,Success,0,0,5,0
151692,U748@DOM1,U748@DOM1,C728,C728,?,Network,LogOff,Success,0,0,5,0
151972,U748@DOM1,U748@DOM1,C2677,C926,?,?,TGS,Success,0,0,2,1
151973,U748@DOM1,U748@DOM1,C2677,C926,Kerberos,Network,LogOn,Success,0,0,2,0
151985,U748@DOM1,U748@DOM1,C926,C926,?,Network,LogOff,Success,0,0,2,0
152002,U748@DOM1,U748@DOM1,C2677,C926,?,?,TGS,Success,0,0,1,0
152022,U748@DOM1,U748@DOM1,C151,C529,Kerberos,Network,LogOn,Success,0,0,2,1
152023,U748@DOM1,U748@DOM1,C612,C612,?,Network,LogOff,Success,0,0,4,0
152023,U748@DOM1,U748@DOM1,C151,C612,Kerberos,Network,LogOn,Success,0,0,4,0
152023,U748@DOM1,U748@DOM1,C151,C528,Kerberos,Network,LogOn,Success,0,0,4,1
152023,U748@DOM1,U748@DOM1,C151,C529,Kerberos,Network,LogOn,Success,0,0,4,0
152024,U748@DOM1,U748@DOM1,C151,C457,Kerberos,Network,LogOn,Success,0,0,5,1
152024,U748@DOM1,U748@DOM1,C457,C457,?,Network,LogOff,Success,0,0,5,0
152024,U748@DOM1,U748@DOM1,C529,C529,?,Network,LogOff,Success,0,0,5,0
152053,U748@DOM1,U748@DOM1,C151,C457,Kerberos,Network,LogOn,Success,0,0,5,0
152053,U748@DOM1,U748@DOM1,C457,C457,?,Network,LogOff,Success,0,0,5,0
152057,U748@DOM1,U748@DOM1,C529,C529,?,Network,LogOff,Success,0,0,5,0
152062,U748@DOM1,U748@DOM1,C528,C528,?,Network,LogOff,Success,0,0,5,0
152142,U748@DOM1,U748@DOM1,C2677,C4280,?,?,TGS,Success,0,0,6,1
152142,U748@DOM1,U748@DOM1,C2677,C4280,Kerberos,Network,LogOn,Success,0,0,6,0
152155,U748@DOM1,U748@DOM1,C529,C529,?,Network,LogOff,Success,0,0,6,0
152160,U748@DOM1,U748@DOM1,C4280,C4280,?,Network,LogOff,Success,0,0,6,0
152168,U748@DOM1,U748@DOM1,C2677,C4280,Kerberos,Network,LogOn,Success,0,0,6,0
152172,U748@DOM1,U748@DOM1,C2677,C4280,?,?,TGS,Success,0,0,6,0
152180,U748@DOM1,U748@DOM1,C4280,C4280,?,Network,LogOff,Success,0,0,6,0
152188,U748@DOM1,U748@DOM1,C2677,C4280,Kerberos,Network,LogOn,Success,0,0,6,0
152200,U748@DOM1,U748@DOM1,C4280,C4280,?,Network,LogOff,Success,0,0,6,0
152265,U748@DOM1,U748@DOM1,C2677,C3468,?,?,TGS,Success,0,0,7,1
152265,U748@DOM1,U748@DOM1,C2677,C3468,Kerberos,Network,LogOn,Success,0,0,7,0
152277,U748@DOM1,U748@DOM1,C3468,C3468,?,Network,LogOff,Success,0,0,7,0
152298,U748@DOM1,U748@DOM1,C2677,C3468,?,?,TGS,Success,0,0,7,0
152389,U748@DOM1,U748@DOM1,C2677,C1173,?,?,TGS,Success,0,0,4,1
152389,U748@DOM1,U748@DOM1,C2677,C1173,Kerberos,Network,LogOn,Success,0,0,4,0
152401,U748@DOM1,U748@DOM1,C1173,C1173,?,Network,LogOff,Success,0,0,4,0
152449,U748@DOM1,U748@DOM1,C2677,C1173,Kerberos,Network,LogOn,Success,0,0,4,0
152456,U748@DOM1,U748@DOM1,C457,C457,?,Network,LogOff,Success,0,0,4,0
152456,U748@DOM1,U748@DOM1,C2677,C457,?,?,TGS,Success,0,0,4,0
152456,U748@DOM1,U748@DOM1,C2677,C457,Kerberos,Network,LogOn,Success,0,0,4,0
152461,U748@DOM1,U748@DOM1,C457,C457,?,Network,LogOff,Success,0,0,4,0
152472,U748@DOM1,U748@DOM1,C457,C457,?,Network,LogOff,Success,0,0,4,0
152478,U748@DOM1,U748@DOM1,C2677,C457,Kerberos,Network,LogOn,Success,0,0,4,0
152478,U748@DOM1,U748@DOM1,C457,C457,?,Network,LogOff,Success,0,0,4,0
152479,U748@DOM1,U748@DOM1,C2677,C457,Kerberos,Network,LogOn,Success,0,0,4,0
152482,U748@DOM1,U748@DOM1,C457,C457,?,Network,LogOff,Success,0,0,4,0
152489,U748@DOM1,U748@DOM1,C2677,C457,?,?,TGS,Success,0,0,4,0
152493,U748@DOM1,U748@DOM1,C457,C457,?,Network,LogOff,Success,0,0,4,0
152593,U748@DOM1,U748@DOM1,C1173,C1173,?,Network,LogOff,Success,0,0,3,0
152755,U748@DOM1,U748@DOM1,C2677,C926,Kerberos,Network,LogOn,Success,0,0,3,0
152767,U748@DOM1,U748@DOM1,C926,C926,?,Network,LogOff,Success,0,0,3,0
152804,U748@DOM1,U748@DOM1,C2677,C3644,Kerberos,Network,LogOn,Success,0,0,3,0
152809,U748@DOM1,U748@DOM1,C3644,C3644,?,Network,LogOff,Success,0,0,3,0
152899,U748@DOM1,U748@DOM1,C151,C528,Kerberos,Network,LogOn,Success,0,0,3,0
152910,U748@DOM1,U748@DOM1,C2916,C2916,Negotiate,RemoteInteractive,LogOn,Success,0,0,4,1
152911,U748@DOM1,U748@DOM1,C2916,C1065,?,?,TGS,Success,0,0,6,1
152911,U748@DOM1,U748@DOM1,C2916,C1065,Kerberos,Network,LogOn,Success,0,0,6,0
152911,U748@DOM1,U748@DOM1,C2916,C2916,?,?,TGS,Success,0,0,6,0
152911,U748@DOM1,U748@DOM1,C2916,C2916,?,?,TGT,Success,0,0,6,0
152911,U748@DOM1,U748@DOM1,C2916,TGT,?,?,TGS,Success,0,0,6,1
152916,U748@DOM1,U748@DOM1,C2916,C2916,?,RemoteInteractive,LogOff,Success,0,0,6,0
152922,U748@DOM1,U748@DOM1,C1065,C1065,?,Network,LogOff,Success,0,0,6,0
152935,U748@DOM1,U748@DOM1,C2916,C2916,?,?,TGT,Success,0,0,6,0
152935,U748@DOM1,U748@DOM1,C2916,TGT,?,?,TGS,Success,0,0,6,0
152935,U748@DOM1,U748@DOM1,C2916,C1065,?,?,TGS,Success,0,0,6,0
152935,U748@DOM1,U748@DOM1,C2916,C2916,?,?,TGS,Success,0,0,6,0
152937,U748@DOM1,U748@DOM1,C528,C528,?,Network,LogOff,Success,0,0,6,0
153042,U748@DOM1,U748@DOM1,C151,C151,?,?,TGS,Success,0,0,7,1
153042,U748@DOM1,U748@DOM1,C151,C151,?,?,TGT,Success,0,0,7,0
153043,U748@DOM1,C151$@DOM1,C151,C151,?,?,AuthMap,Success,0,0,7,0
153044,U748@DOM1,U748@DOM1,C151,C529,?,?,TGS,Success,0,0,8,0
153044,U748@DOM1,U748@DOM1,C151,C529,Kerberos,Network,LogOn,Success,0,0,8,0
153044,U748@DOM1,U748@DOM1,C151,TGT,?,?,TGS,Success,0,0,8,0
153044,U748@DOM1,U748@DOM1,C529,C529,?,Network,LogOff,Success,0,0,8,0
153044,U748@DOM1,U748@DOM1,C529,C529,Kerberos,Network,LogOn,Success,0,0,8,0
153045,U748@DOM1,U748@DOM1,C151,C151,?,RemoteInteractive,LogOff,Success,0,0,8,0
153046,U748@DOM1,U748@DOM1,C151,C529,Kerberos,Network,LogOn,Success,0,0,8,0
153046,U748@DOM1,U748@DOM1,C151,C529,?,?,TGS,Success,0,0,8,0
153051,U748@DOM1,U748@DOM1,C151,C529,?,?,TGS,Success,0,0,8,0
153051,U748@DOM1,U748@DOM1,C151,TGT,?,?,TGS,Success,0,0,8,0
153051,U748@DOM1,U748@DOM1,C151,C151,?,?,TGS,Success,0,0,8,0
153051,U748@DOM1,U748@DOM1,C151,C151,?,?,TGT,Success,0,0,8,0
153052,U748@DOM1,U748@DOM1,C151,C529,?,?,TGS,Success,0,0,8,0
153058,U748@DOM1,U748@DOM1,C529,C529,?,Network,LogOff,Success,0,0,8,0
153059,U748@DOM1,U748@DOM1,C151,C151,?,RemoteInteractive,LogOff,Success,0,0,8,0
153076,U748@DOM1,U748@DOM1,C529,C529,?,Network,LogOff,Success,0,0,7,0
153093,U748@DOM1,U748@DOM1,C151,C529,Kerberos,Network,LogOn,Success,0,0,7,0
153093,U748@DOM1,U748@DOM1,C529,C529,?,Network,LogOff,Success,0,0,7,0
153093,U748@DOM1,U748@DOM1,C529,C529,Kerberos,Network,LogOn,Success,0,0,7,0
153094,U748@DOM1,U748@DOM1,C151,C529,Kerberos,Network,LogOn,Success,0,0,7,0
153101,U748@DOM1,U748@DOM1,C529,C529,?,Network,LogOff,Success,0,0,7,0
153204,U748@DOM1,U748@DOM1,C2677,C2589,Kerberos,Network,LogOn,Success,0,0,7,0
153210,U748@DOM1,U748@DOM1,C2589,C2589,?,Network,LogOff,Success,0,0,7,0
153286,U748@DOM1,U748@DOM1,C2677,C728,Kerberos,Network,LogOn,Success,0,0,5,0
153298,U748@DOM1,U748@DOM1,C728,C728,?,Network,LogOff,Success,0,0,5,0
153525,U748@DOM1,U748@DOM1,C1003,C1003,?,Network,LogOff,Success,0,0,2,0
153870,U748@DOM1,U748@DOM1,C2677,C294,NTLM,Network,LogOn,Success,0,0,1,1
153880,U748@DOM1,U748@DOM1,C294,C294,?,Network,LogOff,Success,0,0,1,0
153884,U748@DOM1,U748@DOM1,C2677,C294,NTLM,Network,LogOn,Success,0,0,1,0
153896,U748@DOM1,U748@DOM1,C294,C294,?,Network,LogOff,Success,0,0,1,0
154116,U748@DOM1,U748@DOM1,C2677,C3226,NTLM,Network,LogOn,Success,0,0,2,1
154127,U748@DOM1,U748@DOM1,C3226,C3226,?,Network,LogOff,Success,0,0,2,0
154137,U748@DOM1,U748@DOM1,C2677,C3226,NTLM,Network,LogOn,Success,0,0,2,0
154149,U748@DOM1,U748@DOM1,C3226,C3226,?,Network,LogOff,Success,0,0,2,0
154161,U748@DOM1,U748@DOM1,C2677,C3226,NTLM,Network,LogOn,Success,0,0,2,0
154175,U748@DOM1,U748@DOM1,C3226,C3226,?,Network,LogOff,Success,0,0,2,0
154205,U748@DOM1,U748@DOM1,C151,C2327,?,?,TGS,Success,0,0,2,0
154240,U748@DOM1,U748@DOM1,C151,C2327,?,?,TGS,Success,0,0,2,0
154291,U748@DOM1,U748@DOM1,C5394,C5394,NTLM,Network,LogOn,Success,0,0,3,1
154302,U748@DOM1,U748@DOM1,C5394,C5394,?,Network,LogOff,Success,0,0,3,0
154314,U748@DOM1,U748@DOM1,C5394,C5394,NTLM,Network,LogOn,Success,0,0,3,0
154328,U748@DOM1,U748@DOM1,C5394,C5394,?,Network,LogOff,Success,0,0,3,0
154351,U748@DOM1,U748@DOM1,C5394,C5394,NTLM,Network,LogOn,Success,0,0,3,0
154365,U748@DOM1,U748@DOM1,C5394,C5394,?,Network,LogOff,Success,0,0,3,0
154375,U748@DOM1,U748@DOM1,C5394,C5394,NTLM,Network,LogOn,Success,0,0,3,0
154389,U748@DOM1,U748@DOM1,C5394,C5394,?,Network,LogOff,Success,0,0,3,0
154517,U748@DOM1,U748@DOM1,C5394,C5394,NTLM,Network,LogOn,Success,0,0,2,0
154605,U748@DOM1,U748@DOM1,C5394,C5394,NTLM,Network,LogOn,Success,0,0,1,0
154710,U748@DOM1,U748@DOM1,C5394,C5394,NTLM,Network,LogOn,Success,0,0,1,0
154719,U748@DOM1,U748@DOM1,C5394,C5394,?,Network,LogOff,Success,0,0,1,0
154737,U748@DOM1,U748@DOM1,C5394,C5394,?,Network,LogOff,Success,0,0,1,0
155022,U748@DOM1,U748@DOM1,C612,C612,?,Network,LogOff,Success,0,0,2,0
155022,U748@DOM1,U748@DOM1,C151,C612,?,?,TGS,Success,0,0,2,0
155022,U748@DOM1,U748@DOM1,C151,C612,Kerberos,Network,LogOn,Success,0,0,2,0
155030,U748@DOM1,U748@DOM1,C151,C612,?,?,TGS,Success,0,0,2,0
155030,U748@DOM1,U748@DOM1,C151,C612,Kerberos,Network,LogOn,Success,0,0,2,0
155030,U748@DOM1,U748@DOM1,C612,C612,?,Network,LogOff,Success,0,0,2,0
155155,U748@DOM1,U748@DOM1,C2677,C152,NTLM,Network,LogOn,Success,0,0,2,1
155219,U748@DOM1,U748@DOM1,C17693,C5693,NTLM,Network,LogOn,Success,1,1,3,1
155223,U748@DOM1,U748@DOM1,C5693,C5693,?,Network,LogOff,Success,0,0,3,0
155225,U748@DOM1,U748@DOM1,C152,C152,?,Network,LogOff,Success,0,0,3,0
155231,U748@DOM1,U748@DOM1,C2677,C152,NTLM,Network,LogOn,Success,0,0,3,0
155241,U748@DOM1,U748@DOM1,C152,C152,?,Network,LogOff,Success,0,0,3,0
155253,U748@DOM1,U748@DOM1,C2677,C152,NTLM,Network,LogOn,Success,0,0,3,0
155263,U748@DOM1,U748@DOM1,C152,C152,?,Network,LogOff,Success,0,0,3,0
155343,U748@DOM1,U748@DOM1,C2677,C5693,NTLM,Network,LogOn,Success,0,0,2,0
155355,U748@DOM1,U748@DOM1,C5693,C5693,?,Network,LogOff,Success,0,0,2,0
155359,U748@DOM1,U748@DOM1,C2677,C5693,NTLM,Network,LogOn,Success,0,0,2,0
155371,U748@DOM1,U748@DOM1,C5693,C5693,?,Network,LogOff,Success,0,0,2,0
155399,U748@DOM1,U748@DOM1,C17693,C152,NTLM,Network,LogOn,Success,1,1,2,0
155401,U748@DOM1,U748@DOM1,C152,C152,?,Network,LogOff,Success,0,0,2,0
155446,U748@DOM1,U748@DOM1,C2677,C405,NTLM,Network,LogOn,Success,0,0,3,1
155456,U748@DOM1,U748@DOM1,C405,C405,?,Network,LogOff,Success,0,0,3,0
155460,U748@DOM1,U748@DOM1,C17693,C2341,NTLM,Network,LogOn,Success,1,1,4,1
155462,U748@DOM1,U748@DOM1,C2341,C2341,?,Network,LogOff,Success,0,0,4,0
155468,U748@DOM1,U748@DOM1,C2677,C405,NTLM,Network,LogOn,Success,0,0,4,0
155478,U748@DOM1,U748@DOM1,C405,C405,?,Network,LogOff,Success,0,0,4,0
155482,U748@DOM1,U748@DOM1,C2677,C405,NTLM,Network,LogOn,Success,0,0,4,0
155494,U748@DOM1,U748@DOM1,C405,C405,?,Network,LogOff,Success,0,0,4,0
155500,U748@DOM1,U748@DOM1,C2677,C405,NTLM,Network,LogOn,Success,0,0,4,0
155512,U748@DOM1,U748@DOM1,C405,C405,?,Network,LogOff,Success,0,0,4,0
155560,U748@DOM1,U748@DOM1,C2677,C2341,NTLM,Network,LogOn,Success,0,0,4,0
155570,U748@DOM1,U748@DOM1,C2341,C2341,?,Network,LogOff,Success,0,0,4,0
155572,U748@DOM1,U748@DOM1,C2677,C2341,NTLM,Network,LogOn,Success,0,0,4,0
155584,U748@DOM1,U748@DOM1,C2341,C2341,?,Network,LogOff,Success,0,0,4,0
155591,U748@DOM1,U748@DOM1,C17693,C332,NTLM,Network,LogOn,Success,1,1,5,1
155593,U748@DOM1,U748@DOM1,C332,C332,?,Network,LogOff,Success,0,0,5,0
155691,U748@DOM1,U748@DOM1,C2677,C332,NTLM,Network,LogOn,Success,0,0,4,0
155703,U748@DOM1,U748@DOM1,C2677,C332,NTLM,Network,LogOn,Success,0,0,3,0
155703,U748@DOM1,U748@DOM1,C332,C332,?,Network,LogOff,Success,0,0,3,0
155715,U748@DOM1,U748@DOM1,C332,C332,?,Network,LogOff,Success,0,0,3,0
155791,U748@DOM1,U748@DOM1,C2677,C3343,NTLM,Network,LogOn,Success,0,0,4,1
155801,U748@DOM1,U748@DOM1,C3343,C3343,?,Network,LogOff,Success,0,0,4,0
155805,U748@DOM1,U748@DOM1,C2677,C3343,NTLM,Network,LogOn,Success,0,0,4,0
155817,U748@DOM1,U748@DOM1,C3343,C3343,?,Network,LogOff,Success,0,0,3,0
155977,U748@DOM1,U748@DOM1,C5394,C5394,?,Network,LogOff,Success,0,0,3,0
156019,U748@DOM1,U748@DOM1,C2677,C3226,NTLM,Network,LogOn,Success,0,0,3,0
156032,U748@DOM1,U748@DOM1,C3226,C3226,?,Network,LogOff,Success,0,0,3,0
156037,U748@DOM1,U748@DOM1,C2677,C3226,NTLM,Network,LogOn,Success,0,0,3,0
156047,U748@DOM1,U748@DOM1,C3226,C3226,?,Network,LogOff,Success,0,0,3,0
156060,U748@DOM1,U748@DOM1,C17693,C3007,NTLM,Network,LogOn,Success,0,1,4,1
156065,U748@DOM1,U748@DOM1,C3007,C3007,?,Network,LogOff,Success,0,0,4,0
156134,U748@DOM1,U748@DOM1,C2677,C3007,NTLM,Network,LogOn,Success,0,0,3,0
156146,U748@DOM1,U748@DOM1,C3007,C3007,?,Network,LogOff,Success,0,0,3,0
156150,U748@DOM1,U748@DOM1,C2677,C3007,NTLM,Network,LogOn,Success,0,0,3,0
156160,U748@DOM1,U748@DOM1,C3007,C3007,?,Network,LogOff,Success,0,0,3,0
156219,U748@DOM1,U748@DOM1,C2677,C3031,NTLM,Network,LogOn,Success,0,0,4,1
156229,U748@DOM1,U748@DOM1,C3031,C3031,?,Network,LogOff,Success,0,0,4,0
156658,U748@DOM1,U748@DOM1,C4280,C4280,?,Network,LogOff,Success,0,0,1,0
156658,U748@DOM1,U748@DOM1,C17693,C4280,NTLM,Network,LogOn,Success,1,1,1,0
156694,U748@DOM1,U748@DOM1,C2677,C2677,?,?,TGT,Success,0,0,2,1
156694,U748@DOM1,U748@DOM1,C2677,C4280,NTLM,Network,LogOn,Success,0,0,2,0
156706,U748@DOM1,U748@DOM1,C4280,C4280,?,Network,LogOff,Success,0,0,2,0
156713,U748@DOM1,U748@DOM1,C2677,C3031,NTLM,Network,LogOn,Success,0,0,3,0
156718,U748@DOM1,U748@DOM1,C3031,C3031,?,Network,LogOff,Success,0,0,3,0
156726,U748@DOM1,U748@DOM1,C2677,C2677,?,?,TGT,Success,0,0,3,0
156732,U748@DOM1,U748@DOM1,C2677,C3031,NTLM,Network,LogOn,Success,0,0,3,0
156754,U748@DOM1,U748@DOM1,C3031,C3031,?,Network,LogOff,Success,0,0,3,0
156774,U748@DOM1,U748@DOM1,C2677,C4280,NTLM,Network,LogOn,Success,0,0,3,0
156786,U748@DOM1,U748@DOM1,C4280,C4280,?,Network,LogOff,Success,0,0,3,0
156792,U748@DOM1,U748@DOM1,C2677,C1003,NTLM,Network,LogOn,Success,0,0,4,0
156803,U748@DOM1,U748@DOM1,C1003,C1003,?,Network,LogOff,Success,0,0,4,0
156818,U748@DOM1,U748@DOM1,C2677,C1003,NTLM,Network,LogOn,Success,0,0,4,0
156830,U748@DOM1,U748@DOM1,C1003,C1003,?,Network,LogOff,Success,0,0,4,0
