time,source_user,destination_user,source_computer,destination_computer,authentication_type,logon_type,orientation,result,attack,source_is_C17693,unique_destinations_5min,new_destination,risk_score,source_frequency,destination_frequency
150382,U748@DOM1,U748@DOM1,C2677,C1759,?,?,TGS,Success,0,0,1,1,35,70,4
150387,U748@DOM1,U748@DOM1,C2677,C1759,Kerberos,Network,LogOn,Success,0,0,1,0,0,70,4
150415,U748@DOM1,U748@DOM1,C2677,C1759,?,?,TGS,Success,0,0,1,0,0,70,4
150761,U748@DOM1,U748@DOM1,C1003,C1003,?,Network,LogOff,Success,0,0,1,1,35,4,7
150982,U748@DOM1,U748@DOM1,C2677,C2589,?,?,TGS,Success,0,0,2,1,35,70,6
150988,U748@DOM1,U748@DOM1,C2677,C2589,Kerberos,Network,LogOn,Success,0,0,2,0,0,70,6
150993,U748@DOM1,U748@DOM1,C2589,C2589,?,Network,LogOff,Success,0,0,2,0,25,2,6
151015,U748@DOM1,U748@DOM1,C2677,C2589,?,?,TGS,Success,0,0,2,0,0,70,6
151035,U748@DOM1,U748@DOM1,C2677,C728,?,?,TGS,Success,0,0,3,1,35,70,10
151036,U748@DOM1,U748@DOM1,C17693,C305,NTLM,Network,LogOn,Success,1,1,4,1,55,8,7
151036,U748@DOM1,U748@DOM1,C2677,C728,Kerberos,Network,LogOn,Success,0,0,4,0,0,70,10
151038,U748@DOM1,U748@DOM1,C305,C305,?,Network,LogOff,Success,0,0,4,0,0,3,7
151046,U748@DOM1,U748@DOM1,C728,C728,?,Network,LogOff,Success,0,0,4,0,0,4,10
151067,U748@DOM1,U748@DOM1,C2677,C728,?,?,TGS,Success,0,0,3,0,0,70,10
151122,U748@DOM1,U748@DOM1,C2677,C305,?,?,TGS,Success,0,0,3,0,0,70,7
151122,U748@DOM1,U748@DOM1,C2677,C305,Kerberos,Network,LogOn,Success,0,0,3,0,0,70,7
151134,U748@DOM1,U748@DOM1,C305,C305,?,Network,LogOff,Success,0,0,3,0,0,3,7
151288,U748@DOM1,U748@DOM1,C151,C1003,NTLM,Network,LogOn,Success,0,0,4,0,20,35,7
151360,U748@DOM1,U748@DOM1,C151,C612,Kerberos,Network,LogOn,Success,0,0,4,1,35,35,12
151360,U748@DOM1,U748@DOM1,C612,C612,?,Network,LogOff,Success,0,0,4,0,0,5,12
151365,U748@DOM1,U748@DOM1,C2677,C305,Kerberos,Network,LogOn,Success,0,0,4,0,0,70,7
151375,U748@DOM1,U748@DOM1,C305,C305,?,Network,LogOff,Success,0,0,3,0,0,3,7
151412,U748@DOM1,U748@DOM1,C151,C612,Kerberos,Network,LogOn,Success,0,0,3,0,0,35,12
151412,U748@DOM1,U748@DOM1,C612,C612,?,Network,LogOff,Success,0,0,3,0,0,5,12
151445,U748@DOM1,U748@DOM1,C151,C2327,?,?,TGS,Success,0,0,4,1,35,35,4
151464,U748@DOM1,U748@DOM1,C1759,C1759,?,Network,LogOff,Success,0,0,5,0,25,1,4
151464,U748@DOM1,U748@DOM1,C151,C2327,?,?,TGS,Success,0,0,5,0,0,35,4
151575,U748@DOM1,U748@DOM1,C3644,C3644,?,Network,LogOff,Success,0,0,6,1,35,3,5
151631,U748@DOM1,U748@DOM1,C2677,C3644,Kerberos,Network,LogOn,Success,0,0,5,0,0,70,5
151648,U748@DOM1,U748@DOM1,C17693,C728,NTLM,Network,LogOn,Success,1,1,6,0,20,8,10
151652,U748@DOM1,U748@DOM1,C728,C728,?,Network,LogOff,Success,0,0,6,0,0,4,10
151656,U748@DOM1,U748@DOM1,C3644,C3644,?,Network,LogOff,Success,0,0,6,0,0,3,5
151680,U748@DOM1,U748@DOM1,C2677,C728,Kerberos,Network,LogOn,Success,0,0,5,0,0,70,10
151692,U748@DOM1,U748@DOM1,C728,C728,?,Network,LogOff,Success,0,0,5,0,0,4,10
151972,U748@DOM1,U748@DOM1,C2677,C926,?,?,TGS,Success,0,0,2,1,35,70,6
151973,U748@DOM1,U748@DOM1,C2677,C926,Kerberos,Network,LogOn,Success,0,0,2,0,0,70,6
151985,U748@DOM1,U748@DOM1,C926,C926,?,Network,LogOff,Success,0,0,2,0,25,2,6
152002,U748@DOM1,U748@DOM1,C2677,C926,?,?,TGS,Success,0,0,1,0,0,70,6
152022,U748@DOM1,U748@DOM1,C151,C529,Kerberos,Network,LogOn,Success,0,0,2,1,35,35,20
152023,U748@DOM1,U748@DOM1,C612,C612,?,Network,LogOff,Success,0,0,4,0,0,5,12
152023,U748@DOM1,U748@DOM1,C151,C612,Kerberos,Network,LogOn,Success,0,0,4,0,0,35,12
152023,U748@DOM1,U748@DOM1,C151,C528,Kerberos,Network,LogOn,Success,0,0,4,1,35,35,4
152023,U748@DOM1,U748@DOM1,C151,C529,Kerberos,Network,LogOn,Success,0,0,4,0,0,35,20
152024,U748@DOM1,U748@DOM1,C151,C457,Kerberos,Network,LogOn,Success,0,0,5,1,35,35,15
152024,U748@DOM1,U748@DOM1,C457,C457,?,Network,LogOff,Success,0,0,5,0,0,8,15
152024,U748@DOM1,U748@DOM1,C529,C529,?,Network,LogOff,Success,0,0,5,0,0,10,20
152053,U748@DOM1,U748@DOM1,C151,C457,Kerberos,Network,LogOn,Success,0,0,5,0,0,35,15
152053,U748@DOM1,U748@DOM1,C457,C457,?,Network,LogOff,Success,0,0,5,0,0,8,15
152057,U748@DOM1,U748@DOM1,C529,C529,?,Network,LogOff,Success,0,0,5,0,0,10,20
152062,U748@DOM1,U748@DOM1,C528,C528,?,Network,LogOff,Success,0,0,5,0,25,2,4
152142,U748@DOM1,U748@DOM1,C2677,C4280,?,?,TGS,Success,0,0,6,1,35,70,14
152142,U748@DOM1,U748@DOM1,C2677,C4280,Kerberos,Network,LogOn,Success,0,0,6,0,0,70,14
152155,U748@DOM1,U748@DOM1,C529,C529,?,Network,LogOff,Success,0,0,6,0,0,10,20
152160,U748@DOM1,U748@DOM1,C4280,C4280,?,Network,LogOff,Success,0,0,6,0,0,6,14
152168,U748@DOM1,U748@DOM1,C2677,C4280,Kerberos,Network,LogOn,Success,0,0,6,0,0,70,14
152172,U748@DOM1,U748@DOM1,C2677,C4280,?,?,TGS,Success,0,0,6,0,0,70,14
152180,U748@DOM1,U748@DOM1,C4280,C4280,?,Network,LogOff,Success,0,0,6,0,0,6,14
152188,U748@DOM1,U748@DOM1,C2677,C4280,Kerberos,Network,LogOn,Success,0,0,6,0,0,70,14
152200,U748@DOM1,U748@DOM1,C4280,C4280,?,Network,LogOff,Success,0,0,6,0,0,6,14
152265,U748@DOM1,U748@DOM1,C2677,C3468,?,?,TGS,Success,0,0,7,1,35,70,4
152265,U748@DOM1,U748@DOM1,C2677,C3468,Kerberos,Network,LogOn,Success,0,0,7,0,0,70,4
152277,U748@DOM1,U748@DOM1,C3468,C3468,?,Network,LogOff,Success,0,0,7,0,25,1,4
152298,U748@DOM1,U748@DOM1,C2677,C3468,?,?,TGS,Success,0,0,7,0,0,70,4
152389,U748@DOM1,U748@DOM1,C2677,C1173,?,?,TGS,Success,0,0,4,1,35,70,5
152389,U748@DOM1,U748@DOM1,C2677,C1173,Kerberos,Network,LogOn,Success,0,0,4,0,0,70,5
152401,U748@DOM1,U748@DOM1,C1173,C1173,?,Network,LogOff,Success,0,0,4,0,25,2,5
152449,U748@DOM1,U748@DOM1,C2677,C1173,Kerberos,Network,LogOn,Success,0,0,4,0,0,70,5
152456,U748@DOM1,U748@DOM1,C457,C457,?,Network,LogOff,Success,0,0,4,0,0,8,15
152456,U748@DOM1,U748@DOM1,C2677,C457,?,?,TGS,Success,0,0,4,0,0,70,15
152456,U748@DOM1,U748@DOM1,C2677,C457,Kerberos,Network,LogOn,Success,0,0,4,0,0,70,15
152461,U748@DOM1,U748@DOM1,C457,C457,?,Network,LogOff,Success,0,0,4,0,0,8,15
152472,U748@DOM1,U748@DOM1,C457,C457,?,Network,LogOff,Success,0,0,4,0,0,8,15
152478,U748@DOM1,U748@DOM1,C2677,C457,Kerberos,Network,LogOn,Success,0,0,4,0,0,70,15
152478,U748@DOM1,U748@DOM1,C457,C457,?,Network,LogOff,Success,0,0,4,0,0,8,15
152479,U748@DOM1,U748@DOM1,C2677,C457,Kerberos,Network,LogOn,Success,0,0,4,0,0,70,15
152482,U748@DOM1,U748@DOM1,C457,C457,?,Network,LogOff,Success,0,0,4,0,0,8,15
152489,U748@DOM1,U748@DOM1,C2677,C457,?,?,TGS,Success,0,0,4,0,0,70,15
152493,U748@DOM1,U748@DOM1,C457,C457,?,Network,LogOff,Success,0,0,4,0,0,8,15
152593,U748@DOM1,U748@DOM1,C1173,C1173,?,Network,LogOff,Success,0,0,3,0,25,2,5
152755,U748@DOM1,U748@DOM1,C2677,C926,Kerberos,Network,LogOn,Success,0,0,3,0,0,70,6
152767,U748@DOM1,U748@DOM1,C926,C926,?,Network,LogOff,Success,0,0,3,0,25,2,6
152804,U748@DOM1,U748@DOM1,C2677,C3644,Kerberos,Network,LogOn,Success,0,0,3,0,0,70,5
152809,U748@DOM1,U748@DOM1,C3644,C3644,?,Network,LogOff,Success,0,0,3,0,0,3,5
152899,U748@DOM1,U748@DOM1,C151,C528,Kerberos,Network,LogOn,Success,0,0,3,0,0,35,4
152910,U748@DOM1,U748@DOM1,C2916,C2916,Negotiate,RemoteInteractive,LogOn,Success,0,0,4,1,35,11,6
152911,U748@DOM1,U748@DOM1,C2916,C1065,?,?,TGS,Success,0,0,6,1,35,11,4
152911,U748@DOM1,U748@DOM1,C2916,C1065,Kerberos,Network,LogOn,Success,0,0,6,0,0,11,4
152911,U748@DOM1,U748@DOM1,C2916,C2916,?,?,TGS,Success,0,0,6,0,0,11,6
152911,U748@DOM1,U748@DOM1,C2916,C2916,?,?,TGT,Success,0,0,6,0,0,11,6
152911,U748@DOM1,U748@DOM1,C2916,TGT,?,?,TGS,Success,0,0,6,1,35,11,4
152916,U748@DOM1,U748@DOM1,C2916,C2916,?,RemoteInteractive,LogOff,Success,0,0,6,0,0,11,6
152922,U748@DOM1,U748@DOM1,C1065,C1065,?,Network,LogOff,Success,0,0,6,0,25,1,4
152935,U748@DOM1,U748@DOM1,C2916,C2916,?,?,TGT,Success,0,0,6,0,0,11,6
152935,U748@DOM1,U748@DOM1,C2916,TGT,?,?,TGS,Success,0,0,6,0,0,11,4
152935,U748@DOM1,U748@DOM1,C2916,C1065,?,?,TGS,Success,0,0,6,0,0,11,4
152935,U748@DOM1,U748@DOM1,C2916,C2916,?,?,TGS,Success,0,0,6,0,0,11,6
152937,U748@DOM1,U748@DOM1,C528,C528,?,Network,LogOff,Success,0,0,6,0,25,2,4
153042,U748@DOM1,U748@DOM1,C151,C151,?,?,TGS,Success,0,0,7,1,35,35,7
153042,U748@DOM1,U748@DOM1,C151,C151,?,?,TGT,Success,0,0,7,0,0,35,7
153043,U748@DOM1,C151$@DOM1,C151,C151,?,?,AuthMap,Success,0,0,7,0,0,35,7
153044,U748@DOM1,U748@DOM1,C151,C529,?,?,TGS,Success,0,0,8,0,0,35,20
153044,U748@DOM1,U748@DOM1,C151,C529,Kerberos,Network,LogOn,Success,0,0,8,0,0,35,20
153044,U748@DOM1,U748@DOM1,C151,TGT,?,?,TGS,Success,0,0,8,0,0,35,4
153044,U748@DOM1,U748@DOM1,C529,C529,?,Network,LogOff,Success,0,0,8,0,0,10,20
153044,U748@DOM1,U748@DOM1,C529,C529,Kerberos,Network,LogOn,Success,0,0,8,0,0,10,20
153045,U748@DOM1,U748@DOM1,C151,C151,?,RemoteInteractive,LogOff,Success,0,0,8,0,0,35,7
153046,U748@DOM1,U748@DOM1,C151,C529,Kerberos,Network,LogOn,Success,0,0,8,0,0,35,20
153046,U748@DOM1,U748@DOM1,C151,C529,?,?,TGS,Success,0,0,8,0,0,35,20
153051,U748@DOM1,U748@DOM1,C151,C529,?,?,TGS,Success,0,0,8,0,0,35,20
153051,U748@DOM1,U748@DOM1,C151,TGT,?,?,TGS,Success,0,0,8,0,0,35,4
153051,U748@DOM1,U748@DOM1,C151,C151,?,?,TGS,Success,0,0,8,0,0,35,7
153051,U748@DOM1,U748@DOM1,C151,C151,?,?,TGT,Success,0,0,8,0,0,35,7
153052,U748@DOM1,U748@DOM1,C151,C529,?,?,TGS,Success,0,0,8,0,0,35,20
153058,U748@DOM1,U748@DOM1,C529,C529,?,Network,LogOff,Success,0,0,8,0,0,10,20
153059,U748@DOM1,U748@DOM1,C151,C151,?,RemoteInteractive,LogOff,Success,0,0,8,0,0,35,7
153076,U748@DOM1,U748@DOM1,C529,C529,?,Network,LogOff,Success,0,0,7,0,0,10,20
153093,U748@DOM1,U748@DOM1,C151,C529,Kerberos,Network,LogOn,Success,0,0,7,0,0,35,20
153093,U748@DOM1,U748@DOM1,C529,C529,?,Network,LogOff,Success,0,0,7,0,0,10,20
153093,U748@DOM1,U748@DOM1,C529,C529,Kerberos,Network,LogOn,Success,0,0,7,0,0,10,20
153094,U748@DOM1,U748@DOM1,C151,C529,Kerberos,Network,LogOn,Success,0,0,7,0,0,35,20
153101,U748@DOM1,U748@DOM1,C529,C529,?,Network,LogOff,Success,0,0,7,0,0,10,20
153204,U748@DOM1,U748@DOM1,C2677,C2589,Kerberos,Network,LogOn,Success,0,0,7,0,0,70,6
153210,U748@DOM1,U748@DOM1,C2589,C2589,?,Network,LogOff,Success,0,0,7,0,25,2,6
153286,U748@DOM1,U748@DOM1,C2677,C728,Kerberos,Network,LogOn,Success,0,0,5,0,0,70,10
153298,U748@DOM1,U748@DOM1,C728,C728,?,Network,LogOff,Success,0,0,5,0,0,4,10
153525,U748@DOM1,U748@DOM1,C1003,C1003,?,Network,LogOff,Success,0,0,2,0,0,4,7
153870,U748@DOM1,U748@DOM1,C2677,C294,NTLM,Network,LogOn,Success,0,0,1,1,55,70,4
153880,U748@DOM1,U748@DOM1,C294,C294,?,Network,LogOff,Success,0,0,1,0,25,2,4
153884,U748@DOM1,U748@DOM1,C2677,C294,NTLM,Network,LogOn,Success,0,0,1,0,20,70,4
153896,U748@DOM1,U748@DOM1,C294,C294,?,Network,LogOff,Success,0,0,1,0,25,2,4
154116,U748@DOM1,U748@DOM1,C2677,C3226,NTLM,Network,LogOn,Success,0,0,2,1,55,70,10
154127,U748@DOM1,U748@DOM1,C3226,C3226,?,Network,LogOff,Success,0,0,2,0,0,5,10
154137,U748@DOM1,U748@DOM1,C2677,C3226,NTLM,Network,LogOn,Success,0,0,2,0,20,70,10
154149,U748@DOM1,U748@DOM1,C3226,C3226,?,Network,LogOff,Success,0,0,2,0,0,5,10
154161,U748@DOM1,U748@DOM1,C2677,C3226,NTLM,Network,LogOn,Success,0,0,2,0,20,70,10
154175,U748@DOM1,U748@DOM1,C3226,C3226,?,Network,LogOff,Success,0,0,2,0,0,5,10
154205,U748@DOM1,U748@DOM1,C151,C2327,?,?,TGS,Success,0,0,2,0,0,35,4
154240,U748@DOM1,U748@DOM1,C151,C2327,?,?,TGS,Success,0,0,2,0,0,35,4
154291,U748@DOM1,U748@DOM1,C5394,C5394,NTLM,Network,LogOn,Success,0,0,3,1,55,14,14
154302,U748@DOM1,U748@DOM1,C5394,C5394,?,Network,LogOff,Success,0,0,3,0,0,14,14
154314,U748@DOM1,U748@DOM1,C5394,C5394,NTLM,Network,LogOn,Success,0,0,3,0,20,14,14
154328,U748@DOM1,U748@DOM1,C5394,C5394,?,Network,LogOff,Success,0,0,3,0,0,14,14
154351,U748@DOM1,U748@DOM1,C5394,C5394,NTLM,Network,LogOn,Success,0,0,3,0,20,14,14
154365,U748@DOM1,U748@DOM1,C5394,C5394,?,Network,LogOff,Success,0,0,3,0,0,14,14
154375,U748@DOM1,U748@DOM1,C5394,C5394,NTLM,Network,LogOn,Success,0,0,3,0,20,14,14
154389,U748@DOM1,U748@DOM1,C5394,C5394,?,Network,LogOff,Success,0,0,3,0,0,14,14
154517,U748@DOM1,U748@DOM1,C5394,C5394,NTLM,Network,LogOn,Success,0,0,2,0,20,14,14
154605,U748@DOM1,U748@DOM1,C5394,C5394,NTLM,Network,LogOn,Success,0,0,1,0,20,14,14
154710,U748@DOM1,U748@DOM1,C5394,C5394,NTLM,Network,LogOn,Success,0,0,1,0,20,14,14
154719,U748@DOM1,U748@DOM1,C5394,C5394,?,Network,LogOff,Success,0,0,1,0,0,14,14
154737,U748@DOM1,U748@DOM1,C5394,C5394,?,Network,LogOff,Success,0,0,1,0,0,14,14
155022,U748@DOM1,U748@DOM1,C612,C612,?,Network,LogOff,Success,0,0,2,0,0,5,12
155022,U748@DOM1,U748@DOM1,C151,C612,?,?,TGS,Success,0,0,2,0,0,35,12
155022,U748@DOM1,U748@DOM1,C151,C612,Kerberos,Network,LogOn,Success,0,0,2,0,0,35,12
155030,U748@DOM1,U748@DOM1,C151,C612,?,?,TGS,Success,0,0,2,0,0,35,12
155030,U748@DOM1,U748@DOM1,C151,C612,Kerberos,Network,LogOn,Success,0,0,2,0,0,35,12
155030,U748@DOM1,U748@DOM1,C612,C612,?,Network,LogOff,Success,0,0,2,0,0,5,12
155155,U748@DOM1,U748@DOM1,C2677,C152,NTLM,Network,LogOn,Success,0,0,2,1,55,70,8
155219,U748@DOM1,U748@DOM1,C17693,C5693,NTLM,Network,LogOn,Success,1,1,3,1,55,8,6
155223,U748@DOM1,U748@DOM1,C5693,C5693,?,Network,LogOff,Success,0,0,3,0,0,3,6
155225,U748@DOM1,U748@DOM1,C152,C152,?,Network,LogOff,Success,0,0,3,0,0,4,8
155231,U748@DOM1,U748@DOM1,C2677,C152,NTLM,Network,LogOn,Success,0,0,3,0,20,70,8
155241,U748@DOM1,U748@DOM1,C152,C152,?,Network,LogOff,Success,0,0,3,0,0,4,8
155253,U748@DOM1,U748@DOM1,C2677,C152,NTLM,Network,LogOn,Success,0,0,3,0,20,70,8
155263,U748@DOM1,U748@DOM1,C152,C152,?,Network,LogOff,Success,0,0,3,0,0,4,8
155343,U748@DOM1,U748@DOM1,C2677,C5693,NTLM,Network,LogOn,Success,0,0,2,0,20,70,6
155355,U748@DOM1,U748@DOM1,C5693,C5693,?,Network,LogOff,Success,0,0,2,0,0,3,6
155359,U748@DOM1,U748@DOM1,C2677,C5693,NTLM,Network,LogOn,Success,0,0,2,0,20,70,6
155371,U748@DOM1,U748@DOM1,C5693,C5693,?,Network,LogOff,Success,0,0,2,0,0,3,6
155399,U748@DOM1,U748@DOM1,C17693,C152,NTLM,Network,LogOn,Success,1,1,2,0,20,8,8
155401,U748@DOM1,U748@DOM1,C152,C152,?,Network,LogOff,Success,0,0,2,0,0,4,8
155446,U748@DOM1,U748@DOM1,C2677,C405,NTLM,Network,LogOn,Success,0,0,3,1,55,70,8
155456,U748@DOM1,U748@DOM1,C405,C405,?,Network,LogOff,Success,0,0,3,0,0,4,8
155460,U748@DOM1,U748@DOM1,C17693,C2341,NTLM,Network,LogOn,Success,1,1,4,1,55,8,6
155462,U748@DOM1,U748@DOM1,C2341,C2341,?,Network,LogOff,Success,0,0,4,0,0,3,6
155468,U748@DOM1,U748@DOM1,C2677,C405,NTLM,Network,LogOn,Success,0,0,4,0,20,70,8
155478,U748@DOM1,U748@DOM1,C405,C405,?,Network,LogOff,Success,0,0,4,0,0,4,8
155482,U748@DOM1,U748@DOM1,C2677,C405,NTLM,Network,LogOn,Success,0,0,4,0,20,70,8
155494,U748@DOM1,U748@DOM1,C405,C405,?,Network,LogOff,Success,0,0,4,0,0,4,8
155500,U748@DOM1,U748@DOM1,C2677,C405,NTLM,Network,LogOn,Success,0,0,4,0,20,70,8
155512,U748@DOM1,U748@DOM1,C405,C405,?,Network,LogOff,Success,0,0,4,0,0,4,8
155560,U748@DOM1,U748@DOM1,C2677,C2341,NTLM,Network,LogOn,Success,0,0,4,0,20,70,6
155570,U748@DOM1,U748@DOM1,C2341,C2341,?,Network,LogOff,Success,0,0,4,0,0,3,6
155572,U748@DOM1,U748@DOM1,C2677,C2341,NTLM,Network,LogOn,Success,0,0,4,0,20,70,6
155584,U748@DOM1,U748@DOM1,C2341,C2341,?,Network,LogOff,Success,0,0,4,0,0,3,6
155591,U748@DOM1,U748@DOM1,C17693,C332,NTLM,Network,LogOn,Success,1,1,5,1,55,8,6
155593,U748@DOM1,U748@DOM1,C332,C332,?,Network,LogOff,Success,0,0,5,0,0,3,6
155691,U748@DOM1,U748@DOM1,C2677,C332,NTLM,Network,LogOn,Success,0,0,4,0,20,70,6
155703,U748@DOM1,U748@DOM1,C2677,C332,NTLM,Network,LogOn,Success,0,0,3,0,20,70,6
155703,U748@DOM1,U748@DOM1,C332,C332,?,Network,LogOff,Success,0,0,3,0,0,3,6
155715,U748@DOM1,U748@DOM1,C332,C332,?,Network,LogOff,Success,0,0,3,0,0,3,6
155791,U748@DOM1,U748@DOM1,C2677,C3343,NTLM,Network,LogOn,Success,0,0,4,1,55,70,4
155801,U748@DOM1,U748@DOM1,C3343,C3343,?,Network,LogOff,Success,0,0,4,0,25,2,4
155805,U748@DOM1,U748@DOM1,C2677,C3343,NTLM,Network,LogOn,Success,0,0,4,0,20,70,4
155817,U748@DOM1,U748@DOM1,C3343,C3343,?,Network,LogOff,Success,0,0,3,0,25,2,4
155977,U748@DOM1,U748@DOM1,C5394,C5394,?,Network,LogOff,Success,0,0,3,0,0,14,14
156019,U748@DOM1,U748@DOM1,C2677,C3226,NTLM,Network,LogOn,Success,0,0,3,0,20,70,10
156032,U748@DOM1,U748@DOM1,C3226,C3226,?,Network,LogOff,Success,0,0,3,0,0,5,10
156037,U748@DOM1,U748@DOM1,C2677,C3226,NTLM,Network,LogOn,Success,0,0,3,0,20,70,10
156047,U748@DOM1,U748@DOM1,C3226,C3226,?,Network,LogOff,Success,0,0,3,0,0,5,10
156060,U748@DOM1,U748@DOM1,C17693,C3007,NTLM,Network,LogOn,Success,0,1,4,1,55,8,6
156065,U748@DOM1,U748@DOM1,C3007,C3007,?,Network,LogOff,Success,0,0,4,0,0,3,6
156134,U748@DOM1,U748@DOM1,C2677,C3007,NTLM,Network,LogOn,Success,0,0,3,0,20,70,6
156146,U748@DOM1,U748@DOM1,C3007,C3007,?,Network,LogOff,Success,0,0,3,0,0,3,6
156150,U748@DOM1,U748@DOM1,C2677,C3007,NTLM,Network,LogOn,Success,0,0,3,0,20,70,6
156160,U748@DOM1,U748@DOM1,C3007,C3007,?,Network,LogOff,Success,0,0,3,0,0,3,6
156219,U748@DOM1,U748@DOM1,C2677,C3031,NTLM,Network,LogOn,Success,0,0,4,1,55,70,6
156229,U748@DOM1,U748@DOM1,C3031,C3031,?,Network,LogOff,Success,0,0,4,0,0,3,6
156658,U748@DOM1,U748@DOM1,C4280,C4280,?,Network,LogOff,Success,0,0,1,0,0,6,14
156658,U748@DOM1,U748@DOM1,C17693,C4280,NTLM,Network,LogOn,Success,1,1,1,0,20,8,14
156694,U748@DOM1,U748@DOM1,C2677,C2677,?,?,TGT,Success,0,0,2,1,55,70,2
156694,U748@DOM1,U748@DOM1,C2677,C4280,NTLM,Network,LogOn,Success,0,0,2,0,20,70,14
156706,U748@DOM1,U748@DOM1,C4280,C4280,?,Network,LogOff,Success,0,0,2,0,0,6,14
156713,U748@DOM1,U748@DOM1,C2677,C3031,NTLM,Network,LogOn,Success,0,0,3,0,20,70,6
156718,U748@DOM1,U748@DOM1,C3031,C3031,?,Network,LogOff,Success,0,0,3,0,0,3,6
156726,U748@DOM1,U748@DOM1,C2677,C2677,?,?,TGT,Success,0,0,3,0,20,70,2
156732,U748@DOM1,U748@DOM1,C2677,C3031,NTLM,Network,LogOn,Success,0,0,3,0,20,70,6
156754,U748@DOM1,U748@DOM1,C3031,C3031,?,Network,LogOff,Success,0,0,3,0,0,3,6
156774,U748@DOM1,U748@DOM1,C2677,C4280,NTLM,Network,LogOn,Success,0,0,3,0,20,70,14
156786,U748@DOM1,U748@DOM1,C4280,C4280,?,Network,LogOff,Success,0,0,3,0,0,6,14
156792,U748@DOM1,U748@DOM1,C2677,C1003,NTLM,Network,LogOn,Success,0,0,4,0,20,70,7
156803,U748@DOM1,U748@DOM1,C1003,C1003,?,Network,LogOff,Success,0,0,4,0,0,4,7
156818,U748@DOM1,U748@DOM1,C2677,C1003,NTLM,Network,LogOn,Success,0,0,4,0,20,70,7
156830,U748@DOM1,U748@DOM1,C1003,C1003,?,Network,LogOff,Success,0,0,4,0,0,4,7
